2015-07-18 08:00:00,3,"error5"
2015-07-09 17:00:00,4,"error2"
2015-07-04 06:00:00,5,"error1"
2015-07-14 17:00:00,6,"error2"
2015-07-30 06:00:00,7,"error1"
2015-07-26 19:00:00,11,"error1"
2015-07-10 06:00:00,13,"error2"
2015-07-10 06:00:00,13,"error3"
2015-07-10 06:00:00,13,"error5"
2015-07-16 07:00:00,14,"error1"
2015-07-02 06:00:00,15,"error5"
2015-07-30 19:00:00,15,"error4"
2015-07-09 06:00:00,16,"error2"
2015-07-09 06:00:00,16,"error3"
2015-07-24 06:00:00,16,"error1"
2015-07-19 17:00:00,17,"error1"
2015-07-19 06:00:00,18,"error5"
2015-07-13 06:00:00,20,"error2"
2015-07-13 06:00:00,20,"error3"
2015-07-28 06:00:00,20,"error4"
2015-07-08 06:00:00,21,"error5"
2015-07-30 06:00:00,22,"error1"
2015-07-16 02:00:00,23,"error4"
2015-07-03 06:00:00,24,"error5"
2015-07-11 06:00:00,25,"error2"
2015-07-11 06:00:00,25,"error3"
2015-07-22 06:00:00,26,"error1"
2015-07-24 21:00:00,26,"error2"
2015-07-25 06:00:00,27,"error4"
2015-07-22 06:00:00,29,"error2"
2015-07-22 06:00:00,29,"error3"
2015-07-14 06:00:00,31,"error2"
2015-07-14 06:00:00,31,"error3"
2015-07-16 06:00:00,32,"error1"
2015-07-28 08:00:00,32,"error5"
2015-07-05 06:00:00,33,"error2"
2015-07-05 06:00:00,33,"error3"
2015-07-11 03:00:00,34,"error3"
2015-07-11 06:00:00,34,"error4"
2015-07-18 06:00:00,35,"error2"
2015-07-18 06:00:00,35,"error3"
2015-07-29 06:00:00,37,"error5"
2015-07-30 14:00:00,38,"error4"
2015-07-26 16:00:00,39,"error4"
2015-07-13 06:00:00,40,"error2"
2015-07-13 06:00:00,40,"error3"
2015-07-09 06:00:00,41,"error1"
2015-07-24 06:00:00,41,"error2"
2015-07-24 06:00:00,41,"error3"
2015-07-17 06:00:00,42,"error2"
2015-07-17 06:00:00,42,"error3"
2015-07-20 14:00:00,42,"error3"
2015-07-23 06:00:00,44,"error4"
2015-07-15 20:00:00,45,"error1"
2015-07-05 06:00:00,46,"error1"
2015-07-29 06:00:00,48,"error2"
2015-07-29 06:00:00,48,"error3"
2015-07-29 06:00:00,51,"error5"
2015-07-13 06:00:00,52,"error2"
2015-07-13 06:00:00,52,"error3"
2015-07-21 17:00:00,53,"error2"
2015-07-31 06:00:00,55,"error5"
2015-07-10 06:00:00,57,"error2"
2015-07-10 06:00:00,57,"error3"
2015-07-04 06:00:00,58,"error2"
2015-07-04 06:00:00,58,"error3"
2015-07-25 09:00:00,58,"error1"
2015-07-02 06:00:00,59,"error5"
2015-07-08 13:00:00,60,"error2"
2015-07-09 06:00:00,60,"error4"
2015-07-18 21:00:00,62,"error1"
2015-07-12 03:00:00,63,"error4"
2015-07-12 06:00:00,63,"error4"
2015-07-27 06:00:00,63,"error2"
2015-07-27 06:00:00,63,"error3"
2015-07-24 11:00:00,64,"error3"
2015-07-02 06:00:00,65,"error5"
2015-07-31 06:00:00,66,"error4"
2015-07-14 06:00:00,67,"error4"
2015-07-14 11:00:00,70,"error1"
2015-07-04 06:00:00,73,"error5"
2015-07-07 09:00:00,74,"error2"
2015-07-14 06:00:00,74,"error2"
2015-07-14 06:00:00,74,"error3"
2015-07-22 00:00:00,74,"error2"
2015-07-24 06:00:00,75,"error2"
2015-07-24 06:00:00,75,"error3"
2015-07-07 06:00:00,78,"error2"
2015-07-07 06:00:00,78,"error3"
2015-07-22 06:00:00,78,"error5"
2015-07-27 01:00:00,78,"error4"
2015-07-15 06:00:00,81,"error1"
2015-07-20 06:00:00,83,"error5"
2015-07-16 06:00:00,84,"error1"
2015-07-19 06:00:00,85,"error1"
2015-07-19 06:00:00,85,"error5"
2015-07-08 20:00:00,89,"error3"
2015-07-14 09:00:00,89,"error1"
2015-07-16 06:00:00,89,"error2"
2015-07-16 06:00:00,89,"error3"
2015-07-31 06:00:00,89,"error1"
2015-07-03 20:00:00,90,"error3"
2015-07-30 06:00:00,90,"error2"
2015-07-30 06:00:00,90,"error3"
2015-07-08 02:00:00,91,"error3"
2015-07-29 06:00:00,92,"error2"
2015-07-29 06:00:00,92,"error3"
2015-07-20 06:00:00,93,"error2"
2015-07-20 06:00:00,93,"error3"
2015-07-16 06:00:00,95,"error5"
2015-07-09 06:00:00,97,"error2"
2015-07-09 06:00:00,97,"error3"
2015-07-24 06:00:00,97,"error4"
2015-07-24 06:00:00,97,"error5"
2015-07-08 06:00:00,98,"error5"
2015-07-23 06:00:00,98,"error1"
2015-07-03 06:00:00,99,"error5"
2015-07-18 06:00:00,99,"error1"
2015-07-18 06:00:00,99,"error2"
2015-07-18 06:00:00,99,"error3"
2015-07-21 14:00:00,99,"error3"
2015-07-15 06:00:00,101,"error1"
2015-07-14 06:00:00,103,"error2"
2015-07-14 06:00:00,103,"error3"
2015-07-29 06:00:00,103,"error5"
2015-07-26 06:00:00,104,"error5"
2015-07-12 16:00:00,105,"error2"
2015-07-18 23:00:00,108,"error2"
2015-07-29 14:00:00,108,"error3"
2015-07-02 19:00:00,110,"error3"
2015-07-15 21:00:00,111,"error5"
2015-07-23 06:00:00,111,"error4"
2015-07-12 06:00:00,113,"error1"
2015-07-13 05:00:00,113,"error2"
2015-07-03 06:00:00,114,"error4"
2015-07-04 11:00:00,116,"error2"
2015-07-09 06:00:00,116,"error2"
2015-07-09 06:00:00,116,"error3"
2015-07-19 20:00:00,118,"error1"
2015-07-28 06:00:00,119,"error1"
2015-07-28 06:00:00,119,"error4"
2015-07-21 06:00:00,120,"error2"
2015-07-21 06:00:00,120,"error3"
2015-07-26 06:00:00,122,"error4"
2015-07-14 06:00:00,125,"error2"
2015-07-14 06:00:00,125,"error3"
2015-07-11 06:00:00,127,"error2"
2015-07-11 06:00:00,127,"error3"
2015-07-29 16:00:00,127,"error2"
2015-07-17 02:00:00,129,"error4"
2015-07-07 06:00:00,130,"error2"
2015-07-07 06:00:00,130,"error3"
2015-07-28 05:00:00,130,"error4"
2015-07-19 06:00:00,131,"error2"
2015-07-19 06:00:00,131,"error3"
2015-07-14 06:00:00,132,"error4"
2015-07-29 06:00:00,132,"error1"
2015-07-29 06:00:00,132,"error2"
2015-07-29 06:00:00,132,"error3"
2015-07-11 15:00:00,133,"error1"
2015-07-15 06:00:00,133,"error5"
2015-07-30 06:00:00,133,"error2"
2015-07-30 06:00:00,133,"error3"
2015-07-16 06:00:00,134,"error2"
2015-07-16 06:00:00,134,"error3"
2015-07-25 20:00:00,136,"error1"
2015-07-17 17:00:00,137,"error3"
2015-07-19 06:00:00,137,"error1"
2015-07-02 06:00:00,138,"error2"
2015-07-02 06:00:00,138,"error3"
2015-07-16 06:00:00,141,"error2"
2015-07-16 06:00:00,141,"error3"
2015-07-01 15:00:00,142,"error3"
2015-07-07 06:00:00,144,"error4"
2015-07-10 03:00:00,146,"error2"
2015-07-22 06:00:00,146,"error2"
2015-07-22 06:00:00,146,"error3"
2015-07-29 06:00:00,148,"error1"
2015-07-26 06:00:00,149,"error1"
2015-07-06 06:00:00,150,"error1"
2015-07-25 12:00:00,150,"error1"
2015-07-29 18:00:00,152,"error1"
2015-07-25 08:00:00,153,"error4"
2015-07-27 06:00:00,154,"error1"
2015-07-19 06:00:00,155,"error2"
2015-07-19 06:00:00,155,"error3"
2015-07-19 06:00:00,155,"error5"
2015-07-10 14:00:00,158,"error2"
2015-07-04 06:00:00,160,"error2"
2015-07-04 06:00:00,160,"error3"
2015-07-29 06:00:00,164,"error2"
2015-07-29 06:00:00,164,"error3"
2015-07-27 06:00:00,166,"error1"
2015-07-09 06:00:00,167,"error1"
2015-07-11 12:00:00,167,"error3"
2015-07-24 06:00:00,168,"error2"
2015-07-24 06:00:00,168,"error3"
2015-07-03 06:00:00,170,"error2"
2015-07-03 06:00:00,170,"error3"
2015-07-27 06:00:00,171,"error1"
2015-07-10 06:00:00,175,"error2"
2015-07-10 06:00:00,175,"error3"
2015-07-20 06:00:00,176,"error4"
2015-07-19 06:00:00,178,"error1"
2015-07-01 06:00:00,179,"error5"
2015-07-18 06:00:00,180,"error5"
2015-07-29 12:00:00,181,"error4"
2015-07-15 06:00:00,183,"error2"
2015-07-15 06:00:00,183,"error3"
2015-07-16 06:00:00,184,"error2"
2015-07-16 06:00:00,184,"error3"
2015-07-31 04:00:00,184,"error2"
2015-07-27 06:00:00,185,"error2"
2015-07-27 06:00:00,185,"error3"
2015-07-15 06:00:00,186,"error5"
2015-07-23 12:00:00,188,"error4"
2015-07-12 01:00:00,191,"error4"
2015-07-02 06:00:00,194,"error2"
2015-07-02 06:00:00,194,"error3"
2015-07-12 15:00:00,194,"error1"
2015-07-14 04:00:00,195,"error3"
2015-07-16 06:00:00,195,"error1"
2015-07-25 06:00:00,197,"error2"
2015-07-25 06:00:00,197,"error3"
2015-07-31 06:00:00,198,"error2"
2015-07-31 06:00:00,198,"error3"
2015-07-03 06:00:00,199,"error1"
2015-07-15 06:00:00,201,"error2"
2015-07-15 06:00:00,201,"error3"
2015-07-20 06:00:00,202,"error1"
2015-07-01 06:00:00,203,"error4"
2015-07-22 06:00:00,206,"error2"
2015-07-22 06:00:00,206,"error3"
2015-07-22 06:00:00,206,"error4"
2015-07-29 19:00:00,208,"error3"
2015-07-05 12:00:00,209,"error3"
2015-07-21 06:00:00,209,"error5"
2015-07-15 06:00:00,212,"error2"
2015-07-15 06:00:00,212,"error3"
2015-07-21 09:00:00,213,"error2"
2015-07-29 08:00:00,217,"error1"
2015-07-30 06:00:00,219,"error4"
2015-07-05 06:00:00,221,"error2"
2015-07-12 06:00:00,221,"error2"
2015-07-12 06:00:00,221,"error3"
2015-07-27 06:00:00,221,"error1"
2015-07-13 06:00:00,222,"error2"
2015-07-13 06:00:00,222,"error3"
2015-07-28 06:00:00,222,"error1"
2015-07-28 06:00:00,222,"error4"
2015-07-31 02:00:00,223,"error1"
2015-07-09 06:00:00,225,"error5"
2015-07-04 01:00:00,226,"error3"
2015-07-08 23:00:00,226,"error1"
2015-07-15 21:00:00,227,"error1"
2015-07-15 06:00:00,233,"error5"
2015-07-14 06:00:00,234,"error2"
2015-07-14 06:00:00,234,"error3"
2015-07-14 06:00:00,234,"error4"
2015-07-04 06:00:00,235,"error2"
2015-07-04 06:00:00,235,"error3"
2015-07-16 15:00:00,235,"error2"
2015-07-19 06:00:00,235,"error1"
2015-07-24 06:00:00,236,"error1"
2015-07-09 00:00:00,238,"error2"
2015-07-12 14:00:00,239,"error3"
2015-07-14 08:00:00,239,"error1"
2015-07-03 06:00:00,240,"error2"
2015-07-03 06:00:00,240,"error3"
2015-07-23 17:00:00,240,"error2"
2015-07-03 06:00:00,241,"error1"
2015-07-20 15:00:00,241,"error4"
2015-07-26 06:00:00,243,"error1"
2015-07-26 06:00:00,243,"error5"
2015-07-15 06:00:00,246,"error1"
2015-07-29 21:00:00,246,"error2"
2015-07-26 17:00:00,249,"error2"
2015-07-02 06:00:00,250,"error2"
2015-07-02 06:00:00,250,"error3"
2015-07-12 07:00:00,250,"error5"
2015-07-02 03:00:00,253,"error1"
2015-07-26 04:00:00,253,"error2"
2015-07-02 06:00:00,254,"error4"
2015-07-31 02:00:00,254,"error1"
2015-07-04 06:00:00,255,"error2"
2015-07-04 06:00:00,255,"error3"
2015-07-27 19:00:00,256,"error4"
2015-07-31 06:00:00,256,"error1"
2015-07-10 06:00:00,257,"error5"
2015-07-18 04:00:00,258,"error1"
2015-07-27 06:00:00,258,"error5"
2015-07-31 00:00:00,259,"error2"
2015-07-21 06:00:00,261,"error4"
2015-07-23 06:00:00,263,"error2"
2015-07-23 06:00:00,263,"error3"
2015-07-21 06:00:00,264,"error2"
2015-07-21 06:00:00,264,"error3"
2015-07-04 06:00:00,265,"error1"
2015-07-21 06:00:00,268,"error5"
2015-07-11 06:00:00,269,"error2"
2015-07-11 06:00:00,269,"error3"
2015-07-26 06:00:00,269,"error1"
2015-07-07 06:00:00,272,"error1"
2015-07-09 06:00:00,274,"error1"
2015-07-18 06:00:00,275,"error2"
2015-07-18 06:00:00,275,"error3"
2015-07-16 09:00:00,276,"error3"
2015-07-24 06:00:00,277,"error1"
2015-07-10 03:00:00,281,"error1"
2015-07-24 06:00:00,285,"error2"
2015-07-24 06:00:00,285,"error3"
2015-07-04 09:00:00,287,"error1"
2015-07-20 01:00:00,287,"error1"
2015-07-20 06:00:00,288,"error1"
2015-07-20 06:00:00,288,"error5"
2015-07-24 06:00:00,290,"error2"
2015-07-24 06:00:00,290,"error3"
2015-07-14 06:00:00,291,"error2"
2015-07-14 06:00:00,291,"error3"
2015-07-08 06:00:00,293,"error1"
2015-07-04 06:00:00,294,"error5"
2015-07-19 06:00:00,294,"error1"
2015-07-30 14:00:00,294,"error1"
2015-07-16 06:00:00,296,"error1"
2015-07-01 08:00:00,298,"error3"
2015-07-02 06:00:00,298,"error5"
2015-07-14 06:00:00,302,"error1"
2015-07-01 06:00:00,303,"error2"
2015-07-01 06:00:00,303,"error3"
2015-07-16 06:00:00,303,"error1"
2015-07-14 16:00:00,305,"error2"
2015-07-05 06:00:00,306,"error1"
2015-07-05 12:00:00,312,"error2"
2015-07-07 06:00:00,312,"error1"
2015-07-22 06:00:00,312,"error2"
2015-07-22 06:00:00,312,"error3"
2015-07-08 06:00:00,313,"error2"
2015-07-08 06:00:00,313,"error3"
2015-07-01 03:00:00,315,"error3"
2015-07-22 06:00:00,315,"error2"
2015-07-22 06:00:00,315,"error3"
2015-07-05 06:00:00,316,"error4"
2015-07-28 06:00:00,316,"error5"
2015-07-29 06:00:00,317,"error2"
2015-07-29 06:00:00,317,"error3"
2015-07-26 06:00:00,318,"error4"
2015-07-19 06:00:00,320,"error2"
2015-07-19 06:00:00,320,"error3"
2015-07-27 06:00:00,321,"error5"
2015-07-14 06:00:00,322,"error4"
2015-07-13 06:00:00,324,"error5"
2015-07-01 22:00:00,325,"error1"
2015-07-11 06:00:00,330,"error1"
2015-07-23 21:00:00,330,"error2"
2015-07-24 06:00:00,331,"error1"
2015-07-25 06:00:00,334,"error1"
2015-07-15 15:00:00,335,"error2"
2015-07-02 06:00:00,336,"error2"
2015-07-02 06:00:00,336,"error3"
2015-07-18 04:00:00,339,"error1"
2015-07-25 07:00:00,342,"error2"
2015-07-01 06:00:00,346,"error2"
2015-07-01 06:00:00,346,"error3"
2015-07-31 06:00:00,346,"error5"
2015-07-06 06:00:00,349,"error1"
2015-07-13 06:00:00,350,"error5"
2015-07-21 06:00:00,351,"error2"
2015-07-21 06:00:00,351,"error3"
2015-07-29 06:00:00,352,"error2"
2015-07-29 06:00:00,352,"error3"
2015-07-07 06:00:00,353,"error1"
2015-07-07 18:00:00,353,"error3"
2015-07-22 06:00:00,353,"error5"
2015-07-26 01:00:00,353,"error3"
2015-07-31 10:00:00,353,"error3"
2015-07-24 22:00:00,354,"error1"
2015-07-09 05:00:00,355,"error2"
2015-07-26 06:00:00,356,"error1"
2015-07-26 12:00:00,356,"error3"
2015-07-02 08:00:00,357,"error2"
2015-07-31 06:00:00,357,"error2"
2015-07-31 06:00:00,357,"error3"
2015-07-31 19:00:00,357,"error2"
2015-07-16 06:00:00,358,"error1"
2015-07-19 06:00:00,360,"error1"
2015-07-12 21:00:00,362,"error2"
2015-07-21 06:00:00,362,"error2"
2015-07-21 06:00:00,362,"error3"
2015-07-25 02:00:00,363,"error1"
2015-07-23 06:00:00,364,"error2"
2015-07-23 06:00:00,364,"error3"
2015-07-18 16:00:00,366,"error3"
2015-07-13 06:00:00,368,"error2"
2015-07-13 06:00:00,368,"error3"
2015-07-28 06:00:00,368,"error1"
2015-07-26 06:00:00,369,"error2"
2015-07-26 06:00:00,369,"error3"
2015-07-17 06:00:00,374,"error1"
2015-07-18 06:00:00,375,"error5"
2015-07-10 12:00:00,377,"error3"
2015-07-05 06:00:00,381,"error2"
2015-07-05 06:00:00,381,"error3"
2015-07-09 16:00:00,382,"error3"
2015-07-15 05:00:00,382,"error4"
2015-07-24 06:00:00,382,"error1"
2015-07-20 06:00:00,384,"error4"
2015-07-20 06:00:00,385,"error1"
2015-07-05 15:00:00,386,"error1"
2015-07-06 06:00:00,386,"error2"
2015-07-06 06:00:00,386,"error3"
2015-07-09 06:00:00,387,"error1"
2015-07-05 06:00:00,391,"error2"
2015-07-05 06:00:00,391,"error3"
2015-07-09 06:00:00,392,"error1"
2015-07-05 06:00:00,393,"error1"
2015-07-20 06:00:00,393,"error2"
2015-07-20 06:00:00,393,"error3"
2015-07-31 09:00:00,393,"error4"
2015-07-09 13:00:00,394,"error4"
2015-07-01 15:00:00,395,"error4"
2015-07-10 02:00:00,396,"error2"
2015-07-27 06:00:00,399,"error5"
2015-07-27 21:00:00,399,"error1"
2015-07-16 06:00:00,400,"error4"
2015-07-31 06:00:00,400,"error2"
2015-07-31 06:00:00,400,"error3"
2015-07-02 06:00:00,401,"error2"
2015-07-02 06:00:00,401,"error3"
2015-07-09 06:00:00,404,"error2"
2015-07-09 06:00:00,404,"error3"
2015-07-27 06:00:00,405,"error2"
2015-07-27 06:00:00,405,"error3"
2015-07-28 06:00:00,408,"error5"
2015-07-02 23:00:00,409,"error3"
2015-07-10 06:00:00,410,"error2"
2015-07-10 06:00:00,410,"error3"
2015-07-25 06:00:00,410,"error1"
2015-07-04 06:00:00,411,"error1"
2015-07-27 08:00:00,411,"error3"
2015-07-21 11:00:00,413,"error2"
2015-07-30 06:00:00,416,"error1"
2015-07-17 06:00:00,418,"error3"
2015-07-27 06:00:00,419,"error5"
2015-07-24 07:00:00,420,"error1"
2015-07-18 06:00:00,421,"error1"
2015-07-23 11:00:00,421,"error3"
2015-07-08 06:00:00,422,"error1"
2015-07-08 06:00:00,422,"error4"
2015-07-26 08:00:00,422,"error1"
2015-07-06 06:00:00,423,"error4"
2015-07-07 07:00:00,423,"error4"
2015-07-21 06:00:00,423,"error2"
2015-07-21 06:00:00,423,"error3"
2015-07-06 11:00:00,424,"error1"
2015-07-07 13:00:00,424,"error4"
2015-07-14 06:00:00,427,"error1"
2015-07-12 19:00:00,428,"error3"
2015-07-13 15:00:00,429,"error2"
2015-07-18 06:00:00,429,"error2"
2015-07-18 06:00:00,429,"error3"
2015-07-10 06:00:00,430,"error5"
2015-07-07 18:00:00,431,"error2"
2015-07-14 06:00:00,432,"error1"
2015-07-29 06:00:00,432,"error4"
2015-07-01 06:00:00,434,"error1"
2015-07-16 08:00:00,436,"error1"
2015-07-05 06:00:00,438,"error2"
2015-07-05 06:00:00,438,"error3"
2015-07-05 06:00:00,438,"error4"
2015-07-09 06:00:00,444,"error2"
2015-07-09 06:00:00,444,"error3"
2015-07-21 06:00:00,447,"error2"
2015-07-21 06:00:00,447,"error3"
2015-07-22 21:00:00,447,"error2"
2015-07-01 22:00:00,449,"error1"
2015-07-22 06:00:00,449,"error2"
2015-07-22 06:00:00,449,"error3"
2015-07-06 06:00:00,450,"error2"
2015-07-06 06:00:00,450,"error3"
2015-07-21 06:00:00,450,"error5"
2015-07-10 06:00:00,451,"error5"
2015-07-17 10:00:00,451,"error2"
2015-07-31 16:00:00,455,"error4"
2015-07-08 06:00:00,457,"error5"
2015-07-07 11:00:00,458,"error2"
2015-07-17 06:00:00,459,"error2"
2015-07-17 06:00:00,459,"error3"
2015-07-14 03:00:00,460,"error3"
2015-07-07 06:00:00,463,"error4"
2015-07-21 21:00:00,465,"error4"
2015-07-14 06:00:00,466,"error2"
2015-07-14 06:00:00,466,"error3"
2015-07-29 06:00:00,468,"error2"
2015-07-29 06:00:00,468,"error3"
2015-07-29 06:00:00,469,"error2"
2015-07-29 06:00:00,469,"error3"
2015-07-01 06:00:00,470,"error2"
2015-07-01 06:00:00,470,"error3"
2015-07-03 12:00:00,470,"error3"
2015-07-06 06:00:00,471,"error2"
2015-07-06 06:00:00,471,"error3"
2015-07-24 02:00:00,471,"error4"
2015-07-11 06:00:00,472,"error5"
2015-07-19 06:00:00,473,"error4"
2015-07-08 06:00:00,474,"error4"
2015-07-23 06:00:00,474,"error2"
2015-07-23 06:00:00,474,"error3"
2015-07-14 06:00:00,477,"error1"
2015-07-27 23:00:00,477,"error1"
2015-07-29 06:00:00,477,"error2"
2015-07-29 06:00:00,477,"error3"
2015-07-29 12:00:00,478,"error1"
2015-07-29 15:00:00,478,"error1"
2015-07-05 00:00:00,479,"error3"
2015-07-02 06:00:00,480,"error2"
2015-07-02 06:00:00,480,"error3"
2015-07-22 11:00:00,480,"error3"
2015-07-08 11:00:00,481,"error3"
2015-07-20 06:00:00,483,"error2"
2015-07-20 06:00:00,483,"error3"
2015-07-13 06:00:00,485,"error2"
2015-07-13 06:00:00,485,"error3"
2015-07-19 07:00:00,485,"error4"
2015-07-06 01:00:00,488,"error3"
2015-07-01 06:00:00,489,"error1"
2015-07-27 06:00:00,490,"error5"
2015-07-13 06:00:00,492,"error2"
2015-07-13 06:00:00,492,"error3"
2015-07-01 12:00:00,494,"error5"
2015-07-09 23:00:00,495,"error1"
2015-07-18 06:00:00,495,"error2"
2015-07-18 06:00:00,495,"error3"
2015-07-27 06:00:00,497,"error1"
2015-07-27 06:00:00,497,"error2"
2015-07-27 06:00:00,497,"error3"
2015-07-21 06:00:00,499,"error2"
2015-07-21 06:00:00,499,"error3"
2015-07-21 06:00:00,499,"error4"
2015-07-15 06:00:00,500,"error2"
2015-07-15 06:00:00,500,"error3"
2015-07-05 06:00:00,506,"error2"
2015-07-05 06:00:00,506,"error3"
2015-07-16 06:00:00,508,"error1"
2015-07-29 18:00:00,508,"error2"
2015-07-27 06:00:00,509,"error5"
2015-07-31 06:00:00,514,"error4"
2015-07-22 05:00:00,515,"error2"
2015-07-16 16:00:00,518,"error3"
2015-07-27 06:00:00,518,"error2"
2015-07-27 06:00:00,518,"error3"
2015-07-01 18:00:00,519,"error3"
2015-07-02 10:00:00,520,"error3"
2015-07-09 06:00:00,520,"error5"
2015-07-30 06:00:00,521,"error1"
2015-07-30 06:00:00,521,"error4"
2015-07-30 06:00:00,523,"error2"
2015-07-30 06:00:00,523,"error3"
2015-07-29 06:00:00,524,"error2"
2015-07-29 06:00:00,524,"error3"
2015-07-31 14:00:00,526,"error2"
2015-07-10 06:00:00,527,"error4"
2015-07-25 06:00:00,527,"error5"
2015-07-15 06:00:00,528,"error5"
2015-07-06 06:00:00,531,"error5"
2015-07-21 06:00:00,531,"error1"
2015-07-11 06:00:00,537,"error2"
2015-07-11 06:00:00,537,"error3"
2015-07-05 06:00:00,539,"error2"
2015-07-05 06:00:00,539,"error3"
2015-07-29 06:00:00,542,"error1"
2015-07-24 06:00:00,543,"error2"
2015-07-24 06:00:00,543,"error3"
2015-07-08 22:00:00,545,"error4"
2015-07-19 10:00:00,545,"error5"
2015-07-28 21:00:00,546,"error2"
2015-07-23 06:00:00,547,"error4"
2015-07-13 07:00:00,549,"error3"
2015-07-01 01:00:00,550,"error4"
2015-07-21 06:00:00,551,"error2"
2015-07-21 06:00:00,551,"error3"
2015-07-01 23:00:00,553,"error3"
2015-07-16 06:00:00,553,"error2"
2015-07-16 06:00:00,553,"error3"
2015-07-28 07:00:00,553,"error1"
2015-07-07 06:00:00,554,"error2"
2015-07-07 06:00:00,554,"error3"
2015-07-07 06:00:00,554,"error4"
2015-07-22 06:00:00,554,"error5"
2015-07-18 06:00:00,556,"error1"
2015-07-12 06:00:00,558,"error2"
2015-07-12 06:00:00,558,"error3"
2015-07-16 10:00:00,558,"error4"
2015-07-27 06:00:00,558,"error1"
2015-07-30 06:00:00,559,"error1"
2015-07-11 06:00:00,561,"error1"
2015-07-26 06:00:00,561,"error4"
2015-07-29 06:00:00,562,"error1"
2015-07-02 06:00:00,564,"error2"
2015-07-02 06:00:00,564,"error3"
2015-07-04 06:00:00,569,"error1"
2015-07-19 06:00:00,569,"error5"
2015-07-15 06:00:00,570,"error1"
2015-07-16 04:00:00,572,"error2"
2015-07-17 06:00:00,572,"error1"
2015-07-14 06:00:00,573,"error4"
2015-07-29 06:00:00,573,"error1"
2015-07-16 06:00:00,574,"error2"
2015-07-16 06:00:00,574,"error3"
2015-07-06 06:00:00,576,"error2"
2015-07-06 06:00:00,576,"error3"
2015-07-06 06:00:00,580,"error2"
2015-07-06 06:00:00,580,"error3"
2015-07-28 06:00:00,581,"error2"
2015-07-28 06:00:00,581,"error3"
2015-07-16 06:00:00,582,"error5"
2015-07-08 06:00:00,585,"error1"
2015-07-23 06:00:00,585,"error5"
2015-07-02 06:00:00,586,"error1"
2015-07-27 06:00:00,587,"error5"
2015-07-30 06:00:00,589,"error2"
2015-07-30 06:00:00,589,"error3"
2015-07-24 06:00:00,590,"error1"
2015-07-29 06:00:00,596,"error4"
2015-07-10 01:00:00,597,"error2"
2015-07-17 06:00:00,597,"error1"
2015-07-30 06:00:00,598,"error1"
2015-07-11 06:00:00,599,"error2"
2015-07-11 06:00:00,599,"error3"
2015-07-17 06:00:00,601,"error5"
2015-07-10 06:00:00,602,"error5"
2015-07-24 20:00:00,602,"error4"
2015-07-25 06:00:00,602,"error2"
2015-07-25 06:00:00,602,"error3"
2015-07-13 06:00:00,604,"error2"
2015-07-13 06:00:00,604,"error3"
2015-07-27 07:00:00,604,"error4"
2015-07-14 06:00:00,606,"error1"
2015-07-07 06:00:00,607,"error4"
2015-07-22 06:00:00,607,"error2"
2015-07-22 06:00:00,607,"error3"
2015-07-10 06:00:00,608,"error5"
2015-07-03 06:00:00,611,"error4"
2015-07-18 06:00:00,611,"error2"
2015-07-18 06:00:00,611,"error3"
2015-07-21 06:00:00,614,"error2"
2015-07-21 06:00:00,614,"error3"
2015-07-06 19:00:00,619,"error4"
2015-07-18 06:00:00,620,"error2"
2015-07-18 06:00:00,620,"error3"
2015-07-08 06:00:00,622,"error4"
2015-07-23 06:00:00,622,"error5"
2015-07-25 06:00:00,623,"error4"
2015-07-06 06:00:00,625,"error2"
2015-07-06 06:00:00,625,"error3"
2015-07-21 06:00:00,625,"error1"
2015-07-15 06:00:00,626,"error2"
2015-07-15 06:00:00,626,"error3"
2015-07-03 21:00:00,627,"error1"
2015-07-14 06:00:00,627,"error2"
2015-07-14 06:00:00,627,"error3"
2015-07-18 06:00:00,628,"error1"
2015-07-18 06:00:00,634,"error1"
2015-07-08 06:00:00,635,"error1"
2015-07-19 21:00:00,636,"error2"
2015-07-23 06:00:00,636,"error1"
2015-07-02 06:00:00,637,"error2"
2015-07-02 06:00:00,637,"error3"
2015-07-15 15:00:00,637,"error1"
2015-07-17 23:00:00,640,"error1"
2015-07-25 06:00:00,640,"error1"
2015-07-25 06:00:00,640,"error4"
2015-07-08 06:00:00,642,"error1"
2015-07-23 06:00:00,642,"error5"
2015-07-20 04:00:00,643,"error1"
2015-07-29 06:00:00,644,"error1"
2015-07-22 06:00:00,646,"error4"
2015-07-18 06:00:00,647,"error4"
2015-07-16 00:00:00,648,"error2"
2015-07-27 06:00:00,649,"error1"
2015-07-05 02:00:00,650,"error4"
2015-07-18 07:00:00,650,"error1"
2015-07-30 00:00:00,650,"error2"
2015-07-03 12:00:00,651,"error5"
2015-07-13 08:00:00,651,"error2"
2015-07-14 06:00:00,651,"error5"
2015-07-24 12:00:00,651,"error4"
2015-07-29 06:00:00,651,"error2"
2015-07-29 06:00:00,651,"error3"
2015-07-14 06:00:00,652,"error4"
2015-07-15 06:00:00,653,"error2"
2015-07-15 06:00:00,653,"error3"
2015-07-24 06:00:00,654,"error2"
2015-07-24 06:00:00,654,"error3"
2015-07-29 14:00:00,654,"error2"
2015-07-08 06:00:00,657,"error2"
2015-07-08 06:00:00,657,"error3"
2015-07-07 23:00:00,658,"error1"
2015-07-09 06:00:00,658,"error5"
2015-07-08 06:00:00,659,"error5"
2015-07-08 07:00:00,660,"error3"
2015-07-04 20:00:00,662,"error4"
2015-07-07 16:00:00,666,"error2"
2015-07-13 19:00:00,666,"error2"
2015-07-23 06:00:00,667,"error1"
2015-07-23 06:00:00,667,"error4"
2015-07-09 06:00:00,669,"error1"
2015-07-24 06:00:00,669,"error4"
2015-07-02 06:00:00,670,"error2"
2015-07-02 06:00:00,670,"error3"
2015-07-05 06:00:00,671,"error4"
2015-07-03 06:00:00,673,"error1"
2015-07-18 06:00:00,673,"error2"
2015-07-18 06:00:00,673,"error3"
2015-07-27 02:00:00,673,"error2"
2015-07-23 06:00:00,674,"error2"
2015-07-23 06:00:00,674,"error3"
2015-07-23 06:00:00,674,"error5"
2015-07-14 06:00:00,675,"error2"
2015-07-14 06:00:00,675,"error3"
2015-07-21 11:00:00,675,"error1"
2015-07-19 01:00:00,678,"error1"
2015-07-19 06:00:00,678,"error2"
2015-07-19 06:00:00,678,"error3"
2015-07-14 06:00:00,679,"error5"
2015-07-12 21:00:00,680,"error4"
2015-07-10 07:00:00,682,"error2"
2015-07-20 17:00:00,682,"error3"
2015-07-09 06:00:00,684,"error5"
2015-07-23 06:00:00,686,"error2"
2015-07-23 06:00:00,686,"error3"
2015-07-04 21:00:00,687,"error2"
2015-07-05 06:00:00,687,"error1"
2015-07-05 06:00:00,687,"error2"
2015-07-05 06:00:00,687,"error3"
2015-07-24 06:00:00,688,"error2"
2015-07-24 06:00:00,688,"error3"
2015-07-31 23:00:00,689,"error1"
2015-07-29 06:00:00,690,"error2"
2015-07-29 06:00:00,690,"error3"
2015-07-27 06:00:00,692,"error1"
2015-07-12 06:00:00,693,"error5"
2015-07-18 19:00:00,697,"error1"
2015-07-27 06:00:00,697,"error2"
2015-07-27 06:00:00,697,"error3"
2015-07-19 06:00:00,698,"error2"
2015-07-19 06:00:00,698,"error3"
2015-07-05 06:00:00,699,"error1"
2015-07-15 06:00:00,699,"error1"
2015-07-20 06:00:00,699,"error2"
2015-07-20 06:00:00,699,"error3"
2015-07-25 05:00:00,700,"error4"
2015-07-18 18:00:00,703,"error3"
2015-07-01 19:00:00,705,"error5"
2015-07-02 03:00:00,705,"error4"
2015-07-19 06:00:00,707,"error1"
2015-07-13 05:00:00,708,"error3"
2015-07-13 06:00:00,708,"error2"
2015-07-13 06:00:00,708,"error3"
2015-07-01 23:00:00,711,"error3"
2015-07-26 06:00:00,711,"error2"
2015-07-26 06:00:00,711,"error3"
2015-07-27 09:00:00,712,"error1"
2015-07-12 06:00:00,713,"error1"
2015-07-18 06:00:00,714,"error2"
2015-07-18 06:00:00,714,"error3"
2015-07-16 06:00:00,715,"error1"
2015-07-14 06:00:00,716,"error1"
2015-07-17 06:00:00,718,"error5"
2015-07-29 22:00:00,720,"error5"
2015-07-14 06:00:00,722,"error1"
2015-07-15 06:00:00,723,"error2"
2015-07-15 06:00:00,723,"error3"
2015-07-30 06:00:00,724,"error5"
2015-07-14 06:00:00,729,"error2"
2015-07-14 06:00:00,729,"error3"
2015-07-19 02:00:00,734,"error1"
2015-07-26 06:00:00,734,"error1"
2015-07-04 14:00:00,736,"error2"
2015-07-15 06:00:00,736,"error2"
2015-07-15 06:00:00,736,"error3"
2015-07-17 06:00:00,736,"error1"
2015-07-13 06:00:00,738,"error2"
2015-07-13 06:00:00,738,"error3"
2015-07-05 06:00:00,740,"error4"
2015-07-22 06:00:00,742,"error5"
2015-07-29 06:00:00,743,"error5"
2015-07-03 06:00:00,744,"error5"
2015-07-25 06:00:00,746,"error5"
2015-07-08 03:00:00,747,"error1"
2015-07-09 11:00:00,748,"error4"
2015-07-29 06:00:00,748,"error2"
2015-07-29 06:00:00,748,"error3"
2015-07-12 21:00:00,749,"error4"
2015-07-19 06:00:00,749,"error5"
2015-07-06 06:00:00,751,"error4"
2015-07-10 06:00:00,755,"error5"
2015-07-25 06:00:00,755,"error1"
2015-07-25 06:00:00,755,"error2"
2015-07-25 06:00:00,755,"error3"
2015-07-20 06:00:00,756,"error1"
2015-07-21 06:00:00,757,"error4"
2015-07-13 06:00:00,759,"error2"
2015-07-13 06:00:00,759,"error3"
2015-07-18 02:00:00,759,"error2"
2015-07-03 06:00:00,760,"error4"
2015-07-30 06:00:00,761,"error2"
2015-07-30 06:00:00,761,"error3"
2015-07-14 06:00:00,765,"error5"
2015-07-22 06:00:00,766,"error1"
2015-07-22 06:00:00,766,"error2"
2015-07-22 06:00:00,766,"error3"
2015-07-04 06:00:00,767,"error2"
2015-07-04 06:00:00,767,"error3"
2015-07-31 14:00:00,771,"error2"
2015-07-12 06:00:00,772,"error2"
2015-07-12 06:00:00,772,"error3"
2015-07-02 06:00:00,775,"error1"
2015-07-17 05:00:00,775,"error4"
2015-07-18 06:00:00,776,"error1"
2015-07-25 06:00:00,777,"error4"
2015-07-14 06:00:00,779,"error4"
2015-07-08 06:00:00,783,"error4"
2015-07-10 01:00:00,783,"error1"
2015-07-23 06:00:00,783,"error2"
2015-07-23 06:00:00,783,"error3"
2015-07-23 06:00:00,783,"error5"
2015-07-10 06:00:00,785,"error2"
2015-07-10 06:00:00,785,"error3"
2015-07-25 06:00:00,785,"error4"
2015-07-09 21:00:00,787,"error3"
2015-07-21 17:00:00,787,"error4"
2015-07-11 23:00:00,789,"error1"
2015-07-29 06:00:00,789,"error2"
2015-07-29 06:00:00,789,"error3"
2015-07-16 06:00:00,792,"error2"
2015-07-16 06:00:00,792,"error3"
2015-07-31 06:00:00,792,"error1"
2015-07-31 08:00:00,793,"error3"
2015-07-15 14:00:00,794,"error2"
2015-07-29 16:00:00,795,"error2"
2015-07-03 06:00:00,796,"error2"
2015-07-03 06:00:00,796,"error3"
2015-07-21 12:00:00,796,"error4"
2015-07-26 05:00:00,797,"error1"
2015-07-13 06:00:00,799,"error2"
2015-07-13 06:00:00,799,"error3"
2015-07-31 06:00:00,801,"error1"
2015-07-05 04:00:00,803,"error3"
2015-07-09 06:00:00,803,"error1"
2015-07-24 06:00:00,803,"error2"
2015-07-24 06:00:00,803,"error3"
2015-07-06 06:00:00,805,"error1"
2015-07-21 06:00:00,805,"error2"
2015-07-21 06:00:00,805,"error3"
2015-07-29 16:00:00,806,"error3"
2015-07-01 06:00:00,810,"error4"
2015-07-11 06:00:00,811,"error4"
2015-07-30 06:00:00,813,"error2"
2015-07-30 06:00:00,813,"error3"
2015-07-16 06:00:00,815,"error5"
2015-07-31 05:00:00,815,"error1"
2015-07-04 06:00:00,816,"error1"
2015-07-16 19:00:00,816,"error1"
2015-07-05 06:00:00,817,"error5"
2015-07-21 06:00:00,818,"error4"
2015-07-30 08:00:00,818,"error4"
2015-07-04 05:00:00,819,"error2"
2015-07-21 06:00:00,819,"error1"
2015-07-14 21:00:00,820,"error3"
2015-07-09 02:00:00,821,"error2"
2015-07-10 17:00:00,821,"error4"
2015-07-04 08:00:00,822,"error1"
2015-07-24 06:00:00,822,"error2"
2015-07-24 06:00:00,822,"error3"
2015-07-12 06:00:00,825,"error4"
2015-07-20 12:00:00,825,"error3"
2015-07-17 06:00:00,826,"error4"
2015-07-26 06:00:00,830,"error1"
2015-07-01 10:00:00,831,"error1"
2015-07-04 06:00:00,831,"error2"
2015-07-04 06:00:00,831,"error3"
2015-07-10 15:00:00,831,"error3"
2015-07-11 06:00:00,833,"error4"
2015-07-10 06:00:00,834,"error1"
2015-07-01 06:00:00,836,"error1"
2015-07-21 01:00:00,836,"error1"
2015-07-18 15:00:00,839,"error4"
2015-07-20 19:00:00,842,"error4"
2015-07-10 06:00:00,844,"error1"
2015-07-12 19:00:00,844,"error3"
2015-07-10 17:00:00,845,"error1"
2015-07-09 06:00:00,847,"error1"
2015-07-10 06:00:00,851,"error4"
2015-07-13 06:00:00,852,"error1"
2015-07-03 06:00:00,853,"error2"
2015-07-03 06:00:00,853,"error3"
2015-07-10 06:00:00,855,"error4"
2015-07-19 06:00:00,858,"error5"
2015-07-03 18:00:00,862,"error2"
2015-07-12 06:00:00,863,"error2"
2015-07-12 06:00:00,863,"error3"
2015-07-12 06:00:00,863,"error5"
2015-07-27 06:00:00,863,"error4"
2015-07-18 06:00:00,864,"error2"
2015-07-18 06:00:00,864,"error3"
2015-07-24 15:00:00,866,"error2"
2015-07-12 01:00:00,867,"error3"
2015-07-29 06:00:00,868,"error1"
2015-07-02 06:00:00,870,"error2"
2015-07-02 06:00:00,870,"error3"
2015-07-17 06:00:00,870,"error4"
2015-07-14 09:00:00,871,"error2"
2015-07-09 06:00:00,874,"error2"
2015-07-09 06:00:00,874,"error3"
2015-07-04 06:00:00,875,"error4"
2015-07-08 19:00:00,876,"error1"
2015-07-25 06:00:00,876,"error5"
2015-07-16 12:00:00,877,"error3"
2015-07-08 06:00:00,878,"error2"
2015-07-08 06:00:00,878,"error3"
2015-07-23 06:00:00,878,"error5"
2015-07-06 06:00:00,879,"error2"
2015-07-06 06:00:00,879,"error3"
2015-07-30 06:00:00,881,"error2"
2015-07-30 06:00:00,881,"error3"
2015-07-06 06:00:00,882,"error2"
2015-07-06 06:00:00,882,"error3"
2015-07-21 06:00:00,882,"error4"
2015-07-09 06:00:00,885,"error1"
2015-07-13 08:00:00,886,"error3"
2015-07-25 06:00:00,886,"error1"
2015-07-14 06:00:00,887,"error2"
2015-07-14 06:00:00,887,"error3"
2015-07-29 06:00:00,887,"error5"
2015-07-29 06:00:00,888,"error5"
2015-07-01 06:00:00,889,"error1"
2015-07-30 06:00:00,893,"error2"
2015-07-30 06:00:00,893,"error3"
2015-07-17 06:00:00,894,"error4"
2015-07-27 06:00:00,896,"error4"
2015-07-03 06:00:00,897,"error1"
2015-07-31 12:00:00,897,"error1"
2015-07-05 06:00:00,898,"error1"
2015-07-20 06:00:00,898,"error2"
2015-07-20 06:00:00,898,"error3"
2015-07-26 06:00:00,898,"error4"
2015-07-16 14:00:00,899,"error2"
2015-07-03 06:00:00,900,"error1"
2015-07-22 06:00:00,901,"error1"
2015-07-13 06:00:00,906,"error5"
2015-07-28 06:00:00,906,"error2"
2015-07-28 06:00:00,906,"error3"
2015-07-19 06:00:00,909,"error2"
2015-07-19 06:00:00,909,"error3"
2015-07-06 00:00:00,910,"error4"
2015-07-13 06:00:00,912,"error1"
2015-07-14 06:00:00,913,"error2"
2015-07-14 06:00:00,913,"error3"
2015-07-29 06:00:00,915,"error5"
2015-07-24 03:00:00,916,"error2"
2015-07-13 06:00:00,917,"error1"
2015-07-11 06:00:00,918,"error1"
2015-07-23 11:00:00,918,"error4"
2015-07-31 12:00:00,918,"error2"
2015-07-14 06:00:00,921,"error1"
2015-07-15 06:00:00,922,"error4"
2015-07-30 06:00:00,922,"error1"
2015-07-23 06:00:00,923,"error2"
2015-07-23 06:00:00,923,"error3"
2015-07-03 06:00:00,924,"error1"
2015-07-03 06:00:00,924,"error5"
2015-07-01 08:00:00,928,"error5"
2015-07-14 06:00:00,928,"error1"
2015-07-07 06:00:00,929,"error1"
2015-07-22 06:00:00,929,"error4"
2015-07-07 05:00:00,930,"error5"
2015-07-13 06:00:00,930,"error1"
2015-07-13 22:00:00,930,"error4"
2015-07-09 06:00:00,931,"error1"
2015-07-24 06:00:00,931,"error2"
2015-07-24 06:00:00,931,"error3"
2015-07-03 06:00:00,933,"error2"
2015-07-03 06:00:00,933,"error3"
2015-07-15 06:00:00,934,"error2"
2015-07-15 06:00:00,934,"error3"
2015-07-20 09:00:00,938,"error1"
2015-07-07 09:00:00,942,"error1"
2015-07-29 22:00:00,942,"error4"
2015-07-26 14:00:00,943,"error1"
2015-07-31 12:00:00,943,"error2"
2015-07-28 06:00:00,945,"error4"
2015-07-06 19:00:00,948,"error1"
2015-07-09 06:00:00,949,"error1"
2015-07-26 06:00:00,951,"error1"
2015-07-03 06:00:00,954,"error2"
2015-07-03 06:00:00,954,"error3"
2015-07-03 06:00:00,956,"error5"
2015-07-06 06:00:00,957,"error2"
2015-07-06 06:00:00,957,"error3"
2015-07-15 06:00:00,959,"error2"
2015-07-15 06:00:00,959,"error3"
2015-07-30 06:00:00,959,"error5"
2015-07-10 06:00:00,961,"error1"
2015-07-17 06:00:00,962,"error2"
2015-07-17 06:00:00,962,"error3"
2015-07-25 07:00:00,962,"error4"
2015-07-11 06:00:00,964,"error4"
2015-07-07 06:00:00,967,"error2"
2015-07-07 06:00:00,967,"error3"
2015-07-26 06:00:00,968,"error1"
2015-07-31 06:00:00,969,"error2"
2015-07-31 06:00:00,969,"error3"
2015-07-13 06:00:00,970,"error2"
2015-07-13 06:00:00,970,"error3"
2015-07-13 06:00:00,970,"error5"
2015-07-04 06:00:00,972,"error2"
2015-07-04 06:00:00,972,"error3"
2015-07-06 06:00:00,973,"error5"
2015-07-12 06:00:00,974,"error2"
2015-07-12 06:00:00,974,"error3"
2015-07-22 06:00:00,975,"error2"
2015-07-22 06:00:00,975,"error3"
2015-07-10 06:00:00,976,"error2"
2015-07-10 06:00:00,976,"error3"
2015-07-14 07:00:00,979,"error4"
2015-07-26 08:00:00,983,"error3"
2015-07-25 06:00:00,985,"error2"
2015-07-25 06:00:00,985,"error3"
2015-07-21 17:00:00,986,"error2"
2015-07-29 06:00:00,987,"error4"
2015-07-29 06:00:00,987,"error5"
2015-07-15 13:00:00,988,"error5"
2015-07-28 04:00:00,990,"error2"
2015-07-31 07:00:00,990,"error1"
2015-07-07 06:00:00,991,"error1"
2015-07-25 06:00:00,992,"error2"
2015-07-25 06:00:00,992,"error3"
2015-07-10 06:00:00,994,"error1"
2015-07-01 06:00:00,998,"error2"
2015-07-01 06:00:00,998,"error3"
2015-07-01 06:00:00,998,"error5"
2015-07-31 06:00:00,998,"error1"
2015-07-05 04:00:00,1000,"error1"
2015-08-02 06:00:00,1,"error4"
2015-08-02 06:00:00,1,"error5"
2015-08-14 06:00:00,2,"error1"
2015-08-23 06:00:00,4,"error2"
2015-08-23 06:00:00,4,"error3"
2015-08-06 08:00:00,5,"error2"
2015-08-14 05:00:00,5,"error2"
2015-08-04 01:00:00,6,"error5"
2015-08-06 06:00:00,6,"error1"
2015-08-29 06:00:00,7,"error2"
2015-08-29 06:00:00,7,"error3"
2015-08-01 06:00:00,8,"error2"
2015-08-01 06:00:00,8,"error3"
2015-08-28 18:00:00,8,"error5"
2015-08-31 06:00:00,8,"error5"
2015-08-10 06:00:00,9,"error4"
2015-08-25 06:00:00,9,"error2"
2015-08-25 06:00:00,9,"error3"
2015-08-02 10:00:00,10,"error1"
2015-08-12 06:00:00,10,"error4"
2015-08-10 06:00:00,12,"error4"
2015-08-01 06:00:00,15,"error1"
2015-08-08 06:00:00,16,"error2"
2015-08-08 06:00:00,16,"error3"
2015-08-20 06:00:00,17,"error5"
2015-08-10 22:00:00,19,"error3"
2015-08-15 06:00:00,19,"error5"
2015-08-12 06:00:00,20,"error5"
2015-08-07 06:00:00,21,"error2"
2015-08-07 06:00:00,21,"error3"
2015-08-09 06:00:00,23,"error2"
2015-08-09 06:00:00,23,"error3"
2015-08-25 06:00:00,25,"error2"
2015-08-25 06:00:00,25,"error3"
2015-08-27 06:00:00,28,"error2"
2015-08-27 06:00:00,28,"error3"
2015-08-06 06:00:00,29,"error1"
2015-08-13 13:00:00,29,"error1"
2015-08-13 06:00:00,30,"error5"
2015-08-13 06:00:00,31,"error1"
2015-08-15 06:00:00,32,"error4"
2015-08-30 06:00:00,32,"error1"
2015-08-19 06:00:00,33,"error2"
2015-08-19 06:00:00,33,"error3"
2015-08-02 06:00:00,35,"error5"
2015-08-19 06:00:00,36,"error2"
2015-08-19 06:00:00,36,"error3"
2015-08-23 07:00:00,36,"error1"
2015-08-09 23:00:00,38,"error1"
2015-08-13 14:00:00,38,"error4"
2015-08-14 06:00:00,38,"error2"
2015-08-14 06:00:00,38,"error3"
2015-08-29 06:00:00,38,"error5"
2015-08-03 06:00:00,39,"error4"
2015-08-18 06:00:00,39,"error1"
2015-08-12 06:00:00,40,"error2"
2015-08-12 06:00:00,40,"error3"
2015-08-09 06:00:00,43,"error1"
2015-08-24 06:00:00,43,"error5"
2015-08-18 06:00:00,47,"error2"
2015-08-18 06:00:00,47,"error3"
2015-08-12 06:00:00,52,"error1"
2015-08-27 06:00:00,52,"error4"
2015-08-03 06:00:00,54,"error2"
2015-08-03 06:00:00,54,"error3"
2015-08-15 06:00:00,56,"error2"
2015-08-15 06:00:00,56,"error3"
2015-08-24 06:00:00,57,"error2"
2015-08-24 06:00:00,57,"error3"
2015-08-08 06:00:00,60,"error2"
2015-08-08 06:00:00,60,"error3"
2015-08-23 06:00:00,60,"error4"
2015-08-26 06:00:00,63,"error5"
2015-08-28 14:00:00,63,"error1"
2015-08-22 06:00:00,64,"error1"
2015-08-16 06:00:00,65,"error2"
2015-08-16 06:00:00,65,"error3"
2015-08-15 06:00:00,66,"error2"
2015-08-15 06:00:00,66,"error3"
2015-08-28 06:00:00,67,"error5"
2015-08-17 06:00:00,70,"error1"
2015-08-18 06:00:00,73,"error1"
2015-08-13 06:00:00,74,"error1"
2015-08-21 06:00:00,78,"error1"
2015-08-19 06:00:00,79,"error2"
2015-08-19 06:00:00,79,"error3"
2015-08-25 18:00:00,79,"error4"
2015-08-31 23:00:00,79,"error2"
2015-08-17 07:00:00,81,"error3"
2015-08-04 06:00:00,83,"error4"
2015-08-06 06:00:00,86,"error2"
2015-08-06 06:00:00,86,"error3"
2015-08-09 06:00:00,88,"error5"
2015-08-05 06:00:00,91,"error5"
2015-08-05 12:00:00,91,"error2"
2015-08-13 06:00:00,94,"error5"
2015-08-16 20:00:00,94,"error4"
2015-08-21 21:00:00,94,"error2"
2015-08-28 20:00:00,96,"error3"
2015-08-08 06:00:00,97,"error1"
2015-08-07 06:00:00,98,"error4"
2015-08-22 06:00:00,98,"error5"
2015-08-02 06:00:00,99,"error4"
2015-08-17 06:00:00,99,"error5"
2015-08-06 08:00:00,100,"error1"
2015-08-12 06:00:00,100,"error2"
2015-08-12 06:00:00,100,"error3"
2015-08-14 06:00:00,101,"error5"
2015-08-17 03:00:00,101,"error4"
2015-08-10 06:00:00,104,"error1"
2015-08-25 06:00:00,104,"error2"
2015-08-25 06:00:00,104,"error3"
2015-08-04 06:00:00,105,"error5"
2015-08-17 06:00:00,106,"error5"
2015-08-26 09:00:00,106,"error4"
2015-08-20 06:00:00,107,"error5"
2015-08-08 06:00:00,108,"error5"
2015-08-23 06:00:00,108,"error1"
2015-08-06 06:00:00,110,"error5"
2015-08-10 23:00:00,111,"error4"
2015-08-22 06:00:00,111,"error2"
2015-08-22 06:00:00,111,"error3"
2015-08-02 06:00:00,114,"error5"
2015-08-06 06:00:00,116,"error2"
2015-08-08 06:00:00,116,"error4"
2015-08-18 06:00:00,117,"error1"
2015-08-21 06:00:00,118,"error5"
2015-08-27 06:00:00,119,"error2"
2015-08-27 06:00:00,119,"error3"
2015-08-30 05:00:00,121,"error1"
2015-08-25 06:00:00,122,"error1"
2015-08-20 06:00:00,124,"error4"
2015-08-05 21:00:00,125,"error1"
2015-08-13 06:00:00,125,"error2"
2015-08-13 06:00:00,125,"error3"
2015-08-10 06:00:00,127,"error5"
2015-08-03 06:00:00,128,"error1"
2015-08-11 09:00:00,128,"error1"
2015-08-22 16:00:00,129,"error1"
2015-08-06 06:00:00,130,"error5"
2015-08-21 06:00:00,130,"error2"
2015-08-21 06:00:00,130,"error3"
2015-08-03 06:00:00,131,"error1"
2015-08-29 06:00:00,133,"error5"
2015-08-15 06:00:00,134,"error2"
2015-08-15 06:00:00,134,"error3"
2015-08-28 07:00:00,137,"error1"
2015-08-27 06:00:00,139,"error1"
2015-08-30 06:00:00,140,"error2"
2015-08-30 06:00:00,140,"error3"
2015-08-30 06:00:00,141,"error1"
2015-08-04 06:00:00,143,"error1"
2015-08-21 06:00:00,144,"error4"
2015-08-02 06:00:00,145,"error2"
2015-08-02 06:00:00,145,"error3"
2015-08-17 06:00:00,145,"error1"
2015-08-06 00:00:00,146,"error4"
2015-08-21 06:00:00,153,"error2"
2015-08-21 06:00:00,153,"error3"
2015-08-11 06:00:00,154,"error2"
2015-08-11 06:00:00,154,"error3"
2015-08-03 06:00:00,155,"error1"
2015-08-24 06:00:00,159,"error2"
2015-08-24 06:00:00,159,"error3"
2015-08-30 22:00:00,159,"error2"
2015-08-02 06:00:00,161,"error2"
2015-08-02 06:00:00,161,"error3"
2015-08-28 06:00:00,162,"error4"
2015-08-05 06:00:00,163,"error1"
2015-08-05 06:00:00,163,"error2"
2015-08-05 06:00:00,163,"error3"
2015-08-27 12:00:00,163,"error2"
2015-08-28 06:00:00,164,"error5"
2015-08-01 06:00:00,165,"error5"
2015-08-14 10:00:00,165,"error4"
2015-08-16 06:00:00,165,"error1"
2015-08-23 06:00:00,167,"error2"
2015-08-23 06:00:00,167,"error3"
2015-08-08 06:00:00,168,"error5"
2015-08-12 00:00:00,168,"error2"
2015-08-23 06:00:00,168,"error2"
2015-08-23 06:00:00,168,"error3"
2015-08-17 06:00:00,169,"error4"
2015-08-02 06:00:00,170,"error2"
2015-08-02 06:00:00,170,"error3"
2015-08-10 06:00:00,173,"error2"
2015-08-10 06:00:00,173,"error3"
2015-08-09 06:00:00,175,"error2"
2015-08-09 06:00:00,175,"error3"
2015-08-04 06:00:00,176,"error2"
2015-08-04 06:00:00,176,"error3"
2015-08-27 08:00:00,177,"error1"
2015-08-15 06:00:00,179,"error5"
2015-08-03 21:00:00,181,"error1"
2015-08-14 06:00:00,181,"error2"
2015-08-14 06:00:00,181,"error3"
2015-08-18 06:00:00,182,"error1"
2015-08-14 06:00:00,183,"error4"
2015-08-30 06:00:00,184,"error4"
2015-08-29 06:00:00,186,"error1"
2015-08-03 06:00:00,187,"error2"
2015-08-03 06:00:00,187,"error3"
2015-08-12 09:00:00,187,"error4"
2015-08-25 06:00:00,189,"error5"
2015-08-14 06:00:00,191,"error1"
2015-08-14 08:00:00,192,"error2"
2015-08-16 06:00:00,193,"error5"
2015-08-15 06:00:00,195,"error2"
2015-08-15 06:00:00,195,"error3"
2015-08-09 06:00:00,197,"error1"
2015-08-17 06:00:00,199,"error1"
2015-08-19 06:00:00,202,"error2"
2015-08-19 06:00:00,202,"error3"
2015-08-12 13:00:00,203,"error2"
2015-08-14 10:00:00,203,"error4"
2015-08-28 18:00:00,205,"error2"
2015-08-22 06:00:00,207,"error2"
2015-08-22 06:00:00,207,"error3"
2015-08-15 06:00:00,211,"error2"
2015-08-15 06:00:00,211,"error3"
2015-08-24 14:00:00,216,"error2"
2015-08-31 06:00:00,216,"error4"
2015-08-17 21:00:00,217,"error3"
2015-08-28 06:00:00,217,"error1"
2015-08-29 23:00:00,217,"error1"
2015-08-13 06:00:00,218,"error1"
2015-08-07 06:00:00,220,"error1"
2015-08-24 02:00:00,220,"error4"
2015-08-14 03:00:00,221,"error3"
2015-08-27 06:00:00,222,"error5"
2015-08-01 06:00:00,224,"error1"
2015-08-06 13:00:00,225,"error1"
2015-08-23 06:00:00,225,"error5"
2015-08-13 06:00:00,227,"error1"
2015-08-06 06:00:00,229,"error1"
2015-08-10 05:00:00,232,"error4"
2015-08-14 06:00:00,233,"error4"
2015-08-02 05:00:00,234,"error3"
2015-08-13 06:00:00,234,"error2"
2015-08-13 06:00:00,234,"error3"
2015-08-01 02:00:00,236,"error3"
2015-08-02 11:00:00,236,"error2"
2015-08-08 06:00:00,236,"error2"
2015-08-08 06:00:00,236,"error3"
2015-08-23 06:00:00,237,"error2"
2015-08-23 06:00:00,237,"error3"
2015-08-09 06:00:00,238,"error5"
2015-08-18 06:00:00,239,"error1"
2015-08-17 06:00:00,240,"error2"
2015-08-17 06:00:00,240,"error3"
2015-08-06 02:00:00,242,"error2"
2015-08-12 08:00:00,242,"error1"
2015-08-28 06:00:00,242,"error2"
2015-08-28 06:00:00,242,"error3"
2015-08-28 06:00:00,242,"error5"
2015-08-05 06:00:00,244,"error1"
2015-08-09 06:00:00,245,"error2"
2015-08-09 06:00:00,245,"error3"
2015-08-22 11:00:00,246,"error1"
2015-08-11 06:00:00,247,"error1"
2015-08-20 13:00:00,248,"error2"
2015-08-01 06:00:00,250,"error1"
2015-08-31 06:00:00,250,"error4"
2015-08-08 06:00:00,251,"error4"
2015-08-13 06:00:00,253,"error1"
2015-08-13 06:00:00,253,"error2"
2015-08-13 06:00:00,253,"error3"
2015-08-01 06:00:00,254,"error5"
2015-08-16 06:00:00,254,"error1"
2015-08-15 06:00:00,256,"error2"
2015-08-15 06:00:00,256,"error3"
2015-08-24 06:00:00,257,"error2"
2015-08-24 06:00:00,257,"error3"
2015-08-22 06:00:00,259,"error2"
2015-08-22 06:00:00,259,"error3"
2015-08-08 06:00:00,260,"error2"
2015-08-08 06:00:00,260,"error3"
2015-08-10 22:00:00,260,"error3"
2015-08-23 06:00:00,260,"error4"
2015-08-20 06:00:00,261,"error1"
2015-08-11 06:00:00,262,"error2"
2015-08-11 06:00:00,262,"error3"
2015-08-22 06:00:00,263,"error4"
2015-08-05 06:00:00,264,"error5"
2015-08-24 10:00:00,268,"error2"
2015-08-25 06:00:00,269,"error5"
2015-08-20 12:00:00,270,"error3"
2015-08-04 16:00:00,275,"error2"
2015-08-25 06:00:00,279,"error4"
2015-08-30 13:00:00,283,"error1"
2015-08-19 06:00:00,286,"error5"
2015-08-19 06:00:00,287,"error2"
2015-08-19 06:00:00,287,"error3"
2015-08-04 22:00:00,289,"error2"
2015-08-21 06:00:00,289,"error2"
2015-08-21 06:00:00,289,"error3"
2015-08-26 06:00:00,292,"error2"
2015-08-26 06:00:00,292,"error3"
2015-08-18 06:00:00,294,"error4"
2015-08-06 19:00:00,296,"error4"
2015-08-28 15:00:00,297,"error2"
2015-08-16 06:00:00,298,"error2"
2015-08-16 06:00:00,298,"error3"
2015-08-08 06:00:00,299,"error2"
2015-08-08 06:00:00,299,"error3"
2015-08-07 06:00:00,300,"error5"
2015-08-26 16:00:00,301,"error2"
2015-08-15 06:00:00,305,"error1"
2015-08-04 06:00:00,306,"error4"
2015-08-19 06:00:00,306,"error1"
2015-08-02 06:00:00,308,"error2"
2015-08-02 06:00:00,308,"error3"
2015-08-06 06:00:00,310,"error1"
2015-08-21 06:00:00,310,"error2"
2015-08-21 06:00:00,310,"error3"
2015-08-19 13:00:00,311,"error4"
2015-08-16 05:00:00,312,"error4"
2015-08-07 02:00:00,316,"error4"
2015-08-17 15:00:00,316,"error1"
2015-08-28 10:00:00,316,"error4"
2015-08-11 10:00:00,319,"error4"
2015-08-03 06:00:00,320,"error1"
2015-08-24 18:00:00,321,"error1"
2015-08-29 12:00:00,322,"error4"
2015-08-08 19:00:00,324,"error1"
2015-08-12 06:00:00,324,"error4"
2015-08-14 06:00:00,325,"error1"
2015-08-29 06:00:00,325,"error2"
2015-08-29 06:00:00,325,"error3"
2015-08-21 06:00:00,328,"error2"
2015-08-21 06:00:00,328,"error3"
2015-08-23 06:00:00,329,"error2"
2015-08-23 06:00:00,329,"error3"
2015-08-07 06:00:00,332,"error1"
2015-08-08 06:00:00,333,"error1"
2015-08-16 06:00:00,336,"error2"
2015-08-16 06:00:00,336,"error3"
2015-08-12 06:00:00,338,"error2"
2015-08-12 06:00:00,338,"error3"
2015-08-14 04:00:00,340,"error2"
2015-08-12 06:00:00,341,"error4"
2015-08-27 06:00:00,341,"error1"
2015-08-23 06:00:00,342,"error2"
2015-08-23 06:00:00,342,"error3"
2015-08-15 06:00:00,343,"error2"
2015-08-15 06:00:00,343,"error3"
2015-08-14 06:00:00,344,"error4"
2015-08-15 06:00:00,346,"error4"
2015-08-25 06:00:00,347,"error2"
2015-08-25 06:00:00,347,"error3"
2015-08-20 06:00:00,351,"error5"
2015-08-16 16:00:00,352,"error2"
2015-08-04 23:00:00,353,"error2"
2015-08-23 00:00:00,356,"error3"
2015-08-30 06:00:00,357,"error2"
2015-08-30 06:00:00,357,"error3"
2015-08-12 06:00:00,359,"error1"
2015-08-12 09:00:00,359,"error3"
2015-08-26 06:00:00,361,"error5"
2015-08-20 06:00:00,362,"error1"
2015-08-07 06:00:00,364,"error1"
2015-08-20 06:00:00,365,"error2"
2015-08-20 06:00:00,365,"error3"
2015-08-03 17:00:00,366,"error2"
2015-08-23 06:00:00,367,"error1"
2015-08-12 06:00:00,368,"error5"
2015-08-17 00:00:00,368,"error1"
2015-08-29 06:00:00,371,"error1"
2015-08-26 06:00:00,372,"error1"
2015-08-03 06:00:00,373,"error1"
2015-08-01 06:00:00,374,"error2"
2015-08-01 06:00:00,374,"error3"
2015-08-16 06:00:00,374,"error4"
2015-08-16 22:00:00,374,"error1"
2015-08-17 06:00:00,375,"error2"
2015-08-17 06:00:00,375,"error3"
2015-08-04 06:00:00,376,"error1"
2015-08-10 07:00:00,376,"error3"
2015-08-24 06:00:00,377,"error4"
2015-08-20 06:00:00,378,"error5"
2015-08-31 06:00:00,379,"error2"
2015-08-31 06:00:00,379,"error3"
2015-08-23 06:00:00,382,"error5"
2015-08-22 11:00:00,383,"error3"
2015-08-26 06:00:00,383,"error5"
2015-08-19 06:00:00,384,"error5"
2015-08-04 06:00:00,385,"error4"
2015-08-26 15:00:00,385,"error1"
2015-08-05 06:00:00,386,"error5"
2015-08-20 06:00:00,386,"error1"
2015-08-23 06:00:00,387,"error4"
2015-08-07 21:00:00,388,"error3"
2015-08-26 06:00:00,388,"error5"
2015-08-12 06:00:00,390,"error1"
2015-08-04 06:00:00,393,"error4"
2015-08-29 06:00:00,394,"error2"
2015-08-29 06:00:00,394,"error3"
2015-08-01 06:00:00,397,"error2"
2015-08-01 06:00:00,397,"error3"
2015-08-29 02:00:00,398,"error1"
2015-08-11 06:00:00,399,"error1"
2015-08-26 06:00:00,399,"error4"
2015-08-02 06:00:00,403,"error4"
2015-08-17 06:00:00,403,"error2"
2015-08-17 06:00:00,403,"error3"
2015-08-23 06:00:00,404,"error1"
2015-08-28 06:00:00,406,"error5"
2015-08-16 06:00:00,407,"error1"
2015-08-22 18:00:00,407,"error1"
2015-08-31 06:00:00,407,"error2"
2015-08-31 06:00:00,407,"error3"
2015-08-18 11:00:00,408,"error1"
2015-08-30 08:00:00,414,"error4"
2015-08-28 02:00:00,415,"error3"
2015-08-01 06:00:00,417,"error4"
2015-08-31 06:00:00,417,"error1"
2015-08-26 06:00:00,419,"error2"
2015-08-26 06:00:00,419,"error3"
2015-08-02 06:00:00,421,"error4"
2015-08-08 06:00:00,425,"error1"
2015-08-28 06:00:00,427,"error5"
2015-08-09 06:00:00,430,"error2"
2015-08-09 06:00:00,430,"error3"
2015-08-28 06:00:00,432,"error1"
2015-08-28 08:00:00,432,"error2"
2015-08-01 06:00:00,435,"error5"
2015-08-16 06:00:00,435,"error1"
2015-08-10 06:00:00,436,"error2"
2015-08-10 06:00:00,436,"error3"
2015-08-27 06:00:00,439,"error1"
2015-08-04 06:00:00,444,"error1"
2015-08-14 15:00:00,445,"error4"
2015-08-21 06:00:00,445,"error2"
2015-08-21 06:00:00,445,"error3"
2015-08-21 06:00:00,445,"error4"
2015-08-20 06:00:00,447,"error2"
2015-08-20 06:00:00,447,"error3"
2015-08-05 06:00:00,450,"error1"
2015-08-24 06:00:00,451,"error2"
2015-08-24 06:00:00,451,"error3"
2015-08-12 18:00:00,454,"error1"
2015-08-23 06:00:00,454,"error2"
2015-08-23 06:00:00,454,"error3"
2015-08-07 06:00:00,457,"error2"
2015-08-07 06:00:00,457,"error3"
2015-08-17 10:00:00,458,"error1"
2015-08-31 06:00:00,459,"error2"
2015-08-31 06:00:00,459,"error3"
2015-08-12 06:00:00,460,"error1"
2015-08-14 06:00:00,462,"error1"
2015-08-25 05:00:00,462,"error2"
2015-08-21 06:00:00,463,"error4"
2015-08-28 06:00:00,464,"error2"
2015-08-28 06:00:00,464,"error3"
2015-08-05 06:00:00,471,"error5"
2015-08-18 06:00:00,473,"error1"
2015-08-20 10:00:00,476,"error1"
2015-08-18 06:00:00,478,"error1"
2015-08-14 08:00:00,479,"error4"
2015-08-10 21:00:00,481,"error5"
2015-08-12 06:00:00,481,"error1"
2015-08-12 06:00:00,481,"error4"
2015-08-05 06:00:00,484,"error1"
2015-08-27 06:00:00,485,"error5"
2015-08-15 06:00:00,489,"error2"
2015-08-15 06:00:00,489,"error3"
2015-08-26 06:00:00,490,"error4"
2015-08-14 06:00:00,493,"error2"
2015-08-14 06:00:00,493,"error3"
2015-08-30 06:00:00,494,"error2"
2015-08-30 06:00:00,494,"error3"
2015-08-12 05:00:00,495,"error4"
2015-08-29 06:00:00,498,"error1"
2015-08-20 02:00:00,499,"error2"
2015-08-14 06:00:00,500,"error1"
2015-08-15 06:00:00,502,"error1"
2015-08-30 06:00:00,503,"error1"
2015-08-11 06:00:00,504,"error5"
2015-08-26 06:00:00,504,"error4"
2015-08-26 11:00:00,504,"error2"
2015-08-25 06:00:00,505,"error1"
2015-08-04 06:00:00,506,"error4"
2015-08-24 06:00:00,511,"error2"
2015-08-24 06:00:00,511,"error3"
2015-08-07 16:00:00,514,"error1"
2015-08-17 06:00:00,515,"error5"
2015-08-12 06:00:00,519,"error2"
2015-08-12 06:00:00,519,"error3"
2015-08-08 06:00:00,520,"error2"
2015-08-08 06:00:00,520,"error3"
2015-08-29 06:00:00,522,"error1"
2015-08-10 06:00:00,526,"error4"
2015-08-24 06:00:00,527,"error2"
2015-08-24 06:00:00,527,"error3"
2015-08-02 08:00:00,528,"error1"
2015-08-15 05:00:00,528,"error1"
2015-08-16 06:00:00,530,"error5"
2015-08-29 06:00:00,532,"error1"
2015-08-05 00:00:00,533,"error3"
2015-08-16 06:00:00,533,"error2"
2015-08-16 06:00:00,533,"error3"
2015-08-24 06:00:00,541,"error1"
2015-08-06 19:00:00,542,"error2"
2015-08-24 06:00:00,544,"error5"
2015-08-29 00:00:00,544,"error4"
2015-08-11 06:00:00,545,"error1"
2015-08-11 06:00:00,545,"error2"
2015-08-11 06:00:00,545,"error3"
2015-08-23 06:00:00,548,"error2"
2015-08-23 06:00:00,548,"error3"
2015-08-29 06:00:00,549,"error2"
2015-08-29 06:00:00,549,"error3"
2015-08-06 06:00:00,554,"error2"
2015-08-06 06:00:00,554,"error3"
2015-08-29 06:00:00,556,"error5"
2015-08-16 06:00:00,557,"error2"
2015-08-16 06:00:00,557,"error3"
2015-08-11 06:00:00,558,"error5"
2015-08-10 06:00:00,561,"error2"
2015-08-10 06:00:00,561,"error3"
2015-08-28 06:00:00,562,"error2"
2015-08-28 06:00:00,562,"error3"
2015-08-02 06:00:00,565,"error2"
2015-08-02 06:00:00,565,"error3"
2015-08-24 06:00:00,566,"error1"
2015-08-26 16:00:00,567,"error1"
2015-08-18 06:00:00,568,"error2"
2015-08-18 06:00:00,568,"error3"
2015-08-01 17:00:00,570,"error4"
2015-08-03 16:00:00,579,"error5"
2015-08-20 06:00:00,580,"error2"
2015-08-20 06:00:00,580,"error3"
2015-08-03 04:00:00,581,"error5"
2015-08-27 06:00:00,581,"error4"
2015-08-24 02:00:00,582,"error3"
2015-08-17 06:00:00,583,"error2"
2015-08-17 06:00:00,583,"error3"
2015-08-15 06:00:00,584,"error1"
2015-08-30 14:00:00,585,"error4"
2015-08-01 06:00:00,586,"error4"
2015-08-27 12:00:00,589,"error4"
2015-08-16 10:00:00,593,"error3"
2015-08-20 06:00:00,593,"error2"
2015-08-20 06:00:00,593,"error3"
2015-08-22 20:00:00,594,"error3"
2015-08-04 05:00:00,596,"error2"
2015-08-13 06:00:00,596,"error1"
2015-08-28 13:00:00,597,"error2"
2015-08-14 06:00:00,598,"error2"
2015-08-14 06:00:00,598,"error3"
2015-08-21 06:00:00,600,"error4"
2015-08-27 04:00:00,600,"error3"
2015-08-19 01:00:00,602,"error1"
2015-08-28 07:00:00,603,"error4"
2015-08-05 06:00:00,605,"error1"
2015-08-13 06:00:00,606,"error2"
2015-08-13 06:00:00,606,"error3"
2015-08-21 06:00:00,607,"error4"
2015-08-08 04:00:00,608,"error1"
2015-08-09 06:00:00,608,"error1"
2015-08-24 06:00:00,608,"error5"
2015-08-29 05:00:00,608,"error3"
2015-08-17 06:00:00,611,"error5"
2015-08-21 03:00:00,612,"error1"
2015-08-26 06:00:00,612,"error2"
2015-08-26 06:00:00,612,"error3"
2015-08-05 06:00:00,614,"error1"
2015-08-02 08:00:00,615,"error4"
2015-08-31 02:00:00,615,"error2"
2015-08-05 06:00:00,616,"error2"
2015-08-05 06:00:00,616,"error3"
2015-08-25 17:00:00,616,"error3"
2015-08-04 06:00:00,617,"error1"
2015-08-19 06:00:00,617,"error5"
2015-08-27 06:00:00,618,"error2"
2015-08-27 06:00:00,618,"error3"
2015-08-27 07:00:00,618,"error2"
2015-08-15 20:00:00,620,"error4"
2015-08-22 06:00:00,622,"error2"
2015-08-22 06:00:00,622,"error3"
2015-08-24 00:00:00,622,"error5"
2015-08-14 06:00:00,626,"error1"
2015-08-15 23:00:00,629,"error1"
2015-08-24 06:00:00,629,"error2"
2015-08-24 06:00:00,629,"error3"
2015-08-07 17:00:00,630,"error1"
2015-08-01 06:00:00,637,"error2"
2015-08-01 06:00:00,637,"error3"
2015-08-31 06:00:00,637,"error5"
2015-08-03 06:00:00,639,"error2"
2015-08-04 06:00:00,639,"error5"
2015-08-10 02:00:00,639,"error3"
2015-08-03 06:00:00,641,"error2"
2015-08-03 06:00:00,641,"error3"
2015-08-18 06:00:00,641,"error1"
2015-08-13 06:00:00,643,"error4"
2015-08-21 03:00:00,643,"error1"
2015-08-28 06:00:00,643,"error2"
2015-08-28 06:00:00,643,"error3"
2015-08-06 06:00:00,646,"error2"
2015-08-06 06:00:00,646,"error3"
2015-08-29 13:00:00,647,"error4"
2015-08-07 01:00:00,648,"error5"
2015-08-07 06:00:00,648,"error2"
2015-08-07 06:00:00,648,"error3"
2015-08-26 06:00:00,649,"error4"
2015-08-28 06:00:00,651,"error1"
2015-08-28 06:00:00,652,"error4"
2015-08-05 12:00:00,653,"error3"
2015-08-10 06:00:00,655,"error2"
2015-08-10 06:00:00,655,"error3"
2015-08-15 06:00:00,656,"error2"
2015-08-15 06:00:00,656,"error3"
2015-08-08 06:00:00,658,"error1"
2015-08-11 18:00:00,663,"error4"
2015-08-19 06:00:00,664,"error1"
2015-08-15 20:00:00,666,"error2"
2015-08-24 06:00:00,668,"error5"
2015-08-08 06:00:00,669,"error2"
2015-08-08 06:00:00,669,"error3"
2015-08-16 10:00:00,672,"error2"
2015-08-27 09:00:00,672,"error3"
2015-08-17 06:00:00,673,"error4"
2015-08-25 18:00:00,677,"error2"
2015-08-28 06:00:00,679,"error2"
2015-08-28 06:00:00,679,"error3"
2015-08-26 06:00:00,681,"error2"
2015-08-26 06:00:00,681,"error3"
2015-08-18 06:00:00,682,"error1"
2015-08-27 06:00:00,683,"error2"
2015-08-27 06:00:00,683,"error3"
2015-08-14 00:00:00,684,"error4"
2015-08-19 06:00:00,687,"error1"
2015-08-23 06:00:00,688,"error5"
2015-08-28 06:00:00,690,"error2"
2015-08-28 06:00:00,690,"error3"
2015-08-12 06:00:00,694,"error4"
2015-08-22 06:00:00,696,"error5"
2015-08-19 14:00:00,697,"error1"
2015-08-18 06:00:00,698,"error1"
2015-08-02 06:00:00,701,"error1"
2015-08-17 06:00:00,701,"error2"
2015-08-17 06:00:00,701,"error3"
2015-08-27 16:00:00,701,"error3"
2015-08-17 06:00:00,702,"error2"
2015-08-17 06:00:00,702,"error3"
2015-08-09 06:00:00,704,"error1"
2015-08-11 01:00:00,704,"error1"
2015-08-25 06:00:00,706,"error2"
2015-08-25 06:00:00,706,"error3"
2015-08-03 06:00:00,707,"error4"
2015-08-06 06:00:00,710,"error1"
2015-08-18 21:00:00,710,"error2"
2015-08-11 06:00:00,713,"error2"
2015-08-11 06:00:00,713,"error3"
2015-08-27 11:00:00,714,"error3"
2015-08-21 06:00:00,715,"error2"
2015-08-21 06:00:00,715,"error3"
2015-08-17 05:00:00,716,"error2"
2015-08-31 06:00:00,718,"error2"
2015-08-31 06:00:00,718,"error3"
2015-08-15 06:00:00,720,"error5"
2015-08-03 06:00:00,721,"error2"
2015-08-03 06:00:00,721,"error3"
2015-08-11 17:00:00,723,"error3"
2015-08-04 07:00:00,724,"error1"
2015-08-29 06:00:00,724,"error1"
2015-08-09 06:00:00,727,"error2"
2015-08-09 06:00:00,727,"error3"
2015-08-10 05:00:00,728,"error2"
2015-08-28 06:00:00,728,"error2"
2015-08-28 06:00:00,728,"error3"
2015-08-13 06:00:00,729,"error2"
2015-08-13 06:00:00,729,"error3"
2015-08-13 06:00:00,730,"error1"
2015-08-28 06:00:00,730,"error2"
2015-08-28 06:00:00,730,"error3"
2015-08-04 06:00:00,731,"error4"
2015-08-15 11:00:00,731,"error4"
2015-08-19 06:00:00,731,"error2"
2015-08-19 06:00:00,731,"error3"
2015-08-25 06:00:00,734,"error4"
2015-08-19 06:00:00,735,"error2"
2015-08-19 06:00:00,735,"error3"
2015-08-19 12:00:00,736,"error2"
2015-08-21 19:00:00,739,"error2"
2015-08-06 06:00:00,742,"error2"
2015-08-06 06:00:00,742,"error3"
2015-08-22 01:00:00,743,"error4"
2015-08-17 03:00:00,745,"error3"
2015-08-09 06:00:00,746,"error2"
2015-08-09 06:00:00,746,"error3"
2015-08-24 06:00:00,746,"error1"
2015-08-31 03:00:00,746,"error4"
2015-08-26 06:00:00,747,"error1"
2015-08-12 06:00:00,749,"error5"
2015-08-30 06:00:00,754,"error4"
2015-08-01 13:00:00,756,"error4"
2015-08-20 06:00:00,757,"error1"
2015-08-11 06:00:00,758,"error2"
2015-08-11 06:00:00,758,"error3"
2015-08-12 06:00:00,759,"error1"
2015-08-29 06:00:00,761,"error1"
2015-08-29 06:00:00,761,"error5"
2015-08-25 20:00:00,762,"error3"
2015-08-01 06:00:00,763,"error2"
2015-08-01 06:00:00,763,"error3"
2015-08-31 06:00:00,763,"error2"
2015-08-31 06:00:00,763,"error3"
2015-08-28 06:00:00,765,"error1"
2015-08-18 06:00:00,767,"error2"
2015-08-18 06:00:00,767,"error3"
2015-08-22 06:00:00,768,"error4"
2015-08-12 06:00:00,769,"error2"
2015-08-12 06:00:00,769,"error3"
2015-08-03 21:00:00,770,"error3"
2015-08-10 02:00:00,771,"error2"
2015-08-18 06:00:00,771,"error2"
2015-08-18 06:00:00,771,"error3"
2015-08-27 07:00:00,772,"error1"
2015-08-03 06:00:00,773,"error2"
2015-08-03 06:00:00,773,"error3"
2015-08-17 04:00:00,774,"error3"
2015-08-09 21:00:00,775,"error2"
2015-08-16 06:00:00,775,"error4"
2015-08-06 13:00:00,776,"error2"
2015-08-31 06:00:00,780,"error2"
2015-08-31 06:00:00,780,"error3"
2015-08-17 06:00:00,782,"error5"
2015-08-01 11:00:00,783,"error5"
2015-08-21 09:00:00,785,"error5"
2015-08-22 06:00:00,787,"error4"
2015-08-26 06:00:00,788,"error1"
2015-08-12 06:00:00,790,"error2"
2015-08-12 06:00:00,790,"error3"
2015-08-26 05:00:00,791,"error5"
2015-08-30 06:00:00,791,"error1"
2015-08-15 06:00:00,792,"error2"
2015-08-15 06:00:00,792,"error3"
2015-08-28 06:00:00,797,"error4"
2015-08-24 06:00:00,798,"error1"
2015-08-11 12:00:00,801,"error1"
2015-08-15 06:00:00,801,"error5"
2015-08-17 11:00:00,801,"error2"
2015-08-30 06:00:00,801,"error2"
2015-08-30 06:00:00,801,"error3"
2015-08-19 00:00:00,802,"error5"
2015-08-17 17:00:00,803,"error1"
2015-08-25 03:00:00,805,"error1"
2015-08-11 06:00:00,806,"error1"
2015-08-20 06:00:00,807,"error5"
2015-08-07 06:00:00,808,"error1"
2015-08-25 10:00:00,808,"error2"
2015-08-08 06:00:00,809,"error2"
2015-08-08 06:00:00,809,"error3"
2015-08-25 06:00:00,811,"error4"
2015-08-13 06:00:00,812,"error5"
2015-08-29 06:00:00,813,"error2"
2015-08-29 06:00:00,813,"error3"
2015-08-07 14:00:00,814,"error3"
2015-08-24 06:00:00,814,"error1"
2015-08-12 18:00:00,815,"error2"
2015-08-30 19:00:00,815,"error2"
2015-08-18 06:00:00,816,"error2"
2015-08-18 06:00:00,816,"error3"
2015-08-05 06:00:00,818,"error2"
2015-08-05 06:00:00,818,"error3"
2015-08-28 06:00:00,820,"error4"
2015-08-30 12:00:00,820,"error2"
2015-08-08 06:00:00,823,"error1"
2015-08-28 06:00:00,824,"error2"
2015-08-28 06:00:00,824,"error3"
2015-08-26 06:00:00,825,"error4"
2015-08-23 17:00:00,826,"error4"
2015-08-31 06:00:00,826,"error4"
2015-08-22 22:00:00,830,"error2"
2015-08-23 06:00:00,832,"error1"
2015-08-23 06:00:00,832,"error2"
2015-08-23 06:00:00,832,"error3"
2015-08-24 06:00:00,834,"error2"
2015-08-24 06:00:00,834,"error3"
2015-08-19 18:00:00,835,"error1"
2015-08-29 06:00:00,837,"error2"
2015-08-29 06:00:00,837,"error3"
2015-08-17 06:00:00,838,"error1"
2015-08-11 06:00:00,839,"error1"
2015-08-12 06:00:00,841,"error5"
2015-08-15 20:00:00,841,"error2"
2015-08-11 06:00:00,842,"error1"
2015-08-26 06:00:00,842,"error2"
2015-08-26 06:00:00,842,"error3"
2015-08-13 06:00:00,843,"error2"
2015-08-13 06:00:00,843,"error3"
2015-08-24 06:00:00,844,"error5"
2015-08-18 10:00:00,845,"error2"
2015-08-07 06:00:00,846,"error1"
2015-08-07 01:00:00,848,"error3"
2015-08-24 06:00:00,849,"error2"
2015-08-24 06:00:00,849,"error3"
2015-08-04 06:00:00,850,"error2"
2015-08-04 06:00:00,850,"error3"
2015-08-19 06:00:00,850,"error4"
2015-08-24 06:00:00,851,"error2"
2015-08-24 06:00:00,851,"error3"
2015-08-02 06:00:00,853,"error1"
2015-08-17 06:00:00,853,"error2"
2015-08-17 06:00:00,853,"error3"
2015-08-21 06:00:00,854,"error1"
2015-08-09 06:00:00,855,"error2"
2015-08-09 06:00:00,855,"error3"
2015-08-04 09:00:00,856,"error1"
2015-08-04 06:00:00,860,"error1"
2015-08-23 06:00:00,861,"error5"
2015-08-04 11:00:00,864,"error5"
2015-08-07 06:00:00,866,"error4"
2015-08-14 21:00:00,866,"error3"
2015-08-17 08:00:00,866,"error3"
2015-08-13 11:00:00,867,"error1"
2015-08-14 06:00:00,869,"error2"
2015-08-14 06:00:00,869,"error3"
2015-08-31 06:00:00,870,"error2"
2015-08-31 06:00:00,870,"error3"
2015-08-20 19:00:00,871,"error3"
2015-08-14 06:00:00,872,"error2"
2015-08-14 06:00:00,872,"error3"
2015-08-21 14:00:00,875,"error1"
2015-08-12 06:00:00,877,"error5"
2015-08-22 06:00:00,878,"error2"
2015-08-22 06:00:00,878,"error3"
2015-08-18 06:00:00,880,"error2"
2015-08-18 06:00:00,880,"error3"
2015-08-17 05:00:00,882,"error1"
2015-08-20 06:00:00,882,"error5"
2015-08-21 06:00:00,884,"error2"
2015-08-21 06:00:00,884,"error3"
2015-08-03 02:00:00,885,"error3"
2015-08-23 06:00:00,885,"error2"
2015-08-23 06:00:00,885,"error3"
2015-08-10 10:00:00,889,"error1"
2015-08-16 06:00:00,890,"error2"
2015-08-16 06:00:00,890,"error3"
2015-08-31 06:00:00,890,"error1"
2015-08-14 06:00:00,892,"error1"
2015-08-29 06:00:00,893,"error1"
2015-08-16 06:00:00,894,"error1"
2015-08-26 06:00:00,896,"error5"
2015-08-17 06:00:00,897,"error2"
2015-08-17 06:00:00,897,"error3"
2015-08-17 19:00:00,897,"error2"
2015-08-26 23:00:00,898,"error4"
2015-08-23 05:00:00,901,"error3"
2015-08-17 04:00:00,902,"error5"
2015-08-27 06:00:00,903,"error2"
2015-08-27 06:00:00,903,"error3"
2015-08-06 06:00:00,904,"error4"
2015-08-21 06:00:00,904,"error2"
2015-08-21 06:00:00,904,"error3"
2015-08-29 06:00:00,905,"error1"
2015-08-27 06:00:00,906,"error1"
2015-08-27 06:00:00,906,"error2"
2015-08-27 06:00:00,906,"error3"
2015-08-28 06:00:00,907,"error4"
2015-08-09 06:00:00,908,"error4"
2015-08-24 06:00:00,908,"error2"
2015-08-24 06:00:00,908,"error3"
2015-08-18 06:00:00,909,"error1"
2015-08-06 06:00:00,910,"error2"
2015-08-06 06:00:00,910,"error3"
2015-08-09 06:00:00,910,"error3"
2015-08-21 06:00:00,910,"error4"
2015-08-06 06:00:00,911,"error1"
2015-08-06 06:00:00,911,"error5"
2015-08-07 23:00:00,911,"error3"
2015-08-21 06:00:00,911,"error2"
2015-08-21 06:00:00,911,"error3"
2015-08-02 03:00:00,912,"error2"
2015-08-27 06:00:00,912,"error1"
2015-08-12 18:00:00,913,"error2"
2015-08-13 06:00:00,913,"error2"
2015-08-13 06:00:00,913,"error3"
2015-08-05 15:00:00,914,"error1"
2015-08-06 06:00:00,914,"error2"
2015-08-06 06:00:00,914,"error3"
2015-08-09 15:00:00,914,"error1"
2015-08-21 06:00:00,914,"error5"
2015-08-01 06:00:00,916,"error1"
2015-08-24 20:00:00,919,"error1"
2015-08-28 06:00:00,921,"error4"
2015-08-29 06:00:00,922,"error4"
2015-08-29 15:00:00,922,"error3"
2015-08-16 18:00:00,923,"error3"
2015-08-16 06:00:00,926,"error5"
2015-08-14 05:00:00,927,"error4"
2015-08-06 06:00:00,929,"error2"
2015-08-06 06:00:00,929,"error3"
2015-08-21 06:00:00,929,"error5"
2015-08-27 06:00:00,930,"error5"
2015-08-23 06:00:00,931,"error5"
2015-08-14 06:00:00,934,"error4"
2015-08-03 06:00:00,937,"error2"
2015-08-03 06:00:00,937,"error3"
2015-08-30 06:00:00,938,"error2"
2015-08-30 06:00:00,938,"error3"
2015-08-18 07:00:00,939,"error1"
2015-08-20 20:00:00,940,"error1"
2015-08-15 06:00:00,941,"error2"
2015-08-15 06:00:00,941,"error3"
2015-08-23 06:00:00,942,"error1"
2015-08-19 20:00:00,944,"error1"
2015-08-07 19:00:00,945,"error4"
2015-08-30 17:00:00,946,"error2"
2015-08-06 06:00:00,947,"error5"
2015-08-16 06:00:00,948,"error2"
2015-08-16 06:00:00,948,"error3"
2015-08-17 06:00:00,956,"error4"
2015-08-20 06:00:00,957,"error2"
2015-08-20 06:00:00,957,"error3"
2015-08-13 06:00:00,958,"error2"
2015-08-13 06:00:00,958,"error3"
2015-08-24 06:00:00,961,"error5"
2015-08-24 06:00:00,963,"error1"
2015-08-25 06:00:00,964,"error1"
2015-08-22 06:00:00,965,"error4"
2015-08-22 06:00:00,965,"error5"
2015-08-18 06:00:00,967,"error4"
2015-08-25 06:00:00,968,"error5"
2015-08-27 06:00:00,970,"error1"
2015-08-26 06:00:00,974,"error1"
2015-08-21 06:00:00,975,"error1"
2015-08-24 06:00:00,976,"error1"
2015-08-24 06:00:00,976,"error4"
2015-08-02 06:00:00,978,"error5"
2015-08-26 06:00:00,979,"error2"
2015-08-26 06:00:00,979,"error3"
2015-08-19 01:00:00,983,"error4"
2015-08-27 06:00:00,983,"error2"
2015-08-27 06:00:00,983,"error3"
2015-08-06 06:00:00,984,"error2"
2015-08-06 06:00:00,984,"error3"
2015-08-30 10:00:00,984,"error1"
2015-08-18 00:00:00,985,"error2"
2015-08-19 06:00:00,986,"error2"
2015-08-19 06:00:00,986,"error3"
2015-08-16 06:00:00,989,"error2"
2015-08-16 06:00:00,989,"error3"
2015-08-31 06:00:00,989,"error5"
2015-08-07 16:00:00,990,"error4"
2015-08-15 00:00:00,990,"error4"
2015-08-28 06:00:00,990,"error5"
2015-08-06 06:00:00,993,"error1"
2015-08-02 08:00:00,994,"error5"
2015-08-03 06:00:00,995,"error2"
2015-08-03 06:00:00,995,"error3"
2015-08-06 06:00:00,996,"error5"
2015-08-20 07:00:00,996,"error4"
2015-08-30 06:00:00,998,"error4"
2015-08-23 06:00:00,999,"error1"
2015-08-12 06:00:00,1000,"error2"
2015-08-12 06:00:00,1000,"error3"
